<?xml version="1.0" encoding="utf-8"?>
<ParamWithValueList xmlns:xsd="http://www.w3.org/2001/XMLSchema" xmlns:xsi="http://www.w3.org/2001/XMLSchema-instance">
  <version>20080502</version>
  <parameterTypes>
    <ParamType>
      <typeName>Inventor</typeName>
      <typeCode>0</typeCode>
    </ParamType>
    <ParamType>
      <typeName>String</typeName>
      <typeCode>1</typeCode>
    </ParamType>
    <ParamType>
      <typeName>Boolean</typeName>
      <typeCode>2</typeCode>
    </ParamType>
  </parameterTypes>
  <parameters>
    <ParamWithValue>
      <name>d1</name>
      <typeCode>mm</typeCode>
      <value>innriradiushalda</value>
      <comment />
      <isKey>false</isKey>
      <tolerance>Default;Nominal;Document Precision</tolerance>
    </ParamWithValue>
    <ParamWithValue>
      <name>d3</name>
      <typeCode>mm</typeCode>
      <value>ytriradiushalda</value>
      <comment />
      <isKey>false</isKey>
      <tolerance>Default;Nominal;Document Precision</tolerance>
    </ParamWithValue>
    <ParamWithValue>
      <name>d4</name>
      <typeCode>mm</typeCode>
      <value>þykkthalda</value>
      <comment />
      <isKey>false</isKey>
      <tolerance>Default;Nominal;Document Precision</tolerance>
    </ParamWithValue>
    <ParamWithValue>
      <name>d5</name>
      <typeCode>mm</typeCode>
      <value>þykkthalda</value>
      <comment />
      <isKey>false</isKey>
      <tolerance>Default;Nominal;Document Precision</tolerance>
    </ParamWithValue>
    <ParamWithValue>
      <name>d6</name>
      <typeCode>mm</typeCode>
      <value>þykkthalda</value>
      <comment />
      <isKey>false</isKey>
      <tolerance>Default;Nominal;Document Precision</tolerance>
    </ParamWithValue>
    <ParamWithValue>
      <name>d7</name>
      <typeCode>mm</typeCode>
      <value>þykkthalda</value>
      <comment />
      <isKey>false</isKey>
      <tolerance>Default;Nominal;Document Precision</tolerance>
    </ParamWithValue>
    <ParamWithValue>
      <name>d8</name>
      <typeCode>mm</typeCode>
      <value>þykkthalda</value>
      <comment />
      <isKey>false</isKey>
      <tolerance>Default;Nominal;Document Precision</tolerance>
    </ParamWithValue>
    <ParamWithValue>
      <name>d9</name>
      <typeCode>mm</typeCode>
      <value>þykkthalda</value>
      <comment />
      <isKey>false</isKey>
      <tolerance>Default;Nominal;Document Precision</tolerance>
    </ParamWithValue>
    <ParamWithValue>
      <name>ytriradiushalda</name>
      <typeCode>mm</typeCode>
      <value>80 mm</value>
      <comment />
      <isKey>false</isKey>
    </ParamWithValue>
    <ParamWithValue>
      <name>d11</name>
      <typeCode>mm</typeCode>
      <value>þykkthalda</value>
      <comment />
      <isKey>false</isKey>
      <tolerance>Default;Nominal;Document Precision</tolerance>
    </ParamWithValue>
    <ParamWithValue>
      <name>d12</name>
      <typeCode>mm</typeCode>
      <value>þykkthalda</value>
      <comment />
      <isKey>false</isKey>
      <tolerance>Default;Nominal;Document Precision</tolerance>
    </ParamWithValue>
    <ParamWithValue>
      <name>þykkthalda</name>
      <typeCode>mm</typeCode>
      <value>15.25 mm</value>
      <comment />
      <isKey>false</isKey>
    </ParamWithValue>
    <ParamWithValue>
      <name>innriradiushalda</name>
      <typeCode>mm</typeCode>
      <value>43 mm</value>
      <comment />
      <isKey>false</isKey>
    </ParamWithValue>
    <ParamWithValue>
      <name>d14</name>
      <typeCode>mm</typeCode>
      <value>innriradiusstori</value>
      <comment />
      <isKey>false</isKey>
      <tolerance>Default;Nominal;Document Precision</tolerance>
    </ParamWithValue>
    <ParamWithValue>
      <name>innriradiusstori</name>
      <typeCode>mm</typeCode>
      <value>150 mm</value>
      <comment />
      <isKey>false</isKey>
    </ParamWithValue>
    <ParamWithValue>
      <name>ytriradiusstori</name>
      <typeCode>mm</typeCode>
      <value>190 mm</value>
      <comment />
      <isKey>false</isKey>
    </ParamWithValue>
    <ParamWithValue>
      <name>d15</name>
      <typeCode>mm</typeCode>
      <value>ytriradiusstori</value>
      <comment />
      <isKey>false</isKey>
      <tolerance>Default;Nominal;Document Precision</tolerance>
    </ParamWithValue>
    <ParamWithValue>
      <name>plataþykkt</name>
      <typeCode>mm</typeCode>
      <value>4 mm</value>
      <comment />
      <isKey>false</isKey>
    </ParamWithValue>
    <ParamWithValue>
      <name>hallinn</name>
      <typeCode>deg</typeCode>
      <value>40 deg</value>
      <comment />
      <isKey>false</isKey>
    </ParamWithValue>
    <ParamWithValue>
      <name>lengdarmar</name>
      <typeCode>mm</typeCode>
      <value>60 mm</value>
      <comment />
      <isKey>false</isKey>
    </ParamWithValue>
    <ParamWithValue>
      <name>d37</name>
      <typeCode>mm</typeCode>
      <value>plataþykkt</value>
      <comment />
      <isKey>false</isKey>
      <tolerance>Default;Nominal;Document Precision</tolerance>
    </ParamWithValue>
    <ParamWithValue>
      <name>d38</name>
      <typeCode>deg</typeCode>
      <value>0.00 deg</value>
      <comment />
      <isKey>false</isKey>
      <tolerance>Default;Nominal;Document Precision</tolerance>
    </ParamWithValue>
    <ParamWithValue>
      <name>d39</name>
      <typeCode>deg</typeCode>
      <value>staðsetningar</value>
      <comment />
      <isKey>false</isKey>
      <tolerance>Default;Nominal;Document Precision</tolerance>
    </ParamWithValue>
    <ParamWithValue>
      <name>staðsetningar</name>
      <typeCode>deg</typeCode>
      <value>18 deg</value>
      <comment />
      <isKey>false</isKey>
    </ParamWithValue>
    <ParamWithValue>
      <name>d40</name>
      <typeCode>ul</typeCode>
      <value>20 ul</value>
      <comment />
      <isKey>false</isKey>
      <tolerance>Default;Nominal;Document Precision</tolerance>
    </ParamWithValue>
    <ParamWithValue>
      <name>d42</name>
      <typeCode>deg</typeCode>
      <value>360.00 deg</value>
      <comment />
      <isKey>false</isKey>
    </ParamWithValue>
    <ParamWithValue>
      <name>d56</name>
      <typeCode>mm</typeCode>
      <value>10 mm</value>
      <comment />
      <isKey>false</isKey>
      <tolerance>Default;Nominal;Document Precision</tolerance>
    </ParamWithValue>
    <ParamWithValue>
      <name>d57</name>
      <typeCode>mm</typeCode>
      <value>plataþykkt / 2 ul</value>
      <comment />
      <isKey>false</isKey>
      <tolerance>Default;Nominal;Document Precision</tolerance>
    </ParamWithValue>
    <ParamWithValue>
      <name>d59</name>
      <typeCode>mm</typeCode>
      <value>plataþykkt / 2 ul</value>
      <comment />
      <isKey>false</isKey>
      <tolerance>Default;Nominal;Document Precision</tolerance>
    </ParamWithValue>
    <ParamWithValue>
      <name>d60</name>
      <typeCode>ul</typeCode>
      <value>20 ul</value>
      <comment />
      <isKey>false</isKey>
      <tolerance>Default;Nominal;Document Precision</tolerance>
    </ParamWithValue>
    <ParamWithValue>
      <name>d62</name>
      <typeCode>deg</typeCode>
      <value>360.00 deg</value>
      <comment />
      <isKey>false</isKey>
    </ParamWithValue>
    <ParamWithValue>
      <name>d65</name>
      <typeCode>deg</typeCode>
      <value>0.00 deg</value>
      <comment />
      <isKey>false</isKey>
      <tolerance>Default;Nominal;Document Precision</tolerance>
    </ParamWithValue>
    <ParamWithValue>
      <name>d66</name>
      <typeCode>mm</typeCode>
      <value>2 cm</value>
      <comment />
      <isKey>false</isKey>
      <tolerance>Default;Nominal;Document Precision</tolerance>
    </ParamWithValue>
    <ParamWithValue>
      <name>d67</name>
      <typeCode>mm</typeCode>
      <value>plataþykkt</value>
      <comment />
      <isKey>false</isKey>
      <tolerance>Default;Nominal;Document Precision</tolerance>
    </ParamWithValue>
    <ParamWithValue>
      <name>d68</name>
      <typeCode>mm</typeCode>
      <value>15 mm</value>
      <comment />
      <isKey>false</isKey>
      <tolerance>Default;Nominal;Document Precision</tolerance>
    </ParamWithValue>
    <ParamWithValue>
      <name>d69</name>
      <typeCode>mm</typeCode>
      <value>plataþykkt</value>
      <comment />
      <isKey>false</isKey>
      <tolerance>Default;Nominal;Document Precision</tolerance>
    </ParamWithValue>
    <ParamWithValue>
      <name>d70</name>
      <typeCode>deg</typeCode>
      <value>0.00 deg</value>
      <comment />
      <isKey>false</isKey>
      <tolerance>Default;Nominal;Document Precision</tolerance>
    </ParamWithValue>
    <ParamWithValue>
      <name>d71</name>
      <typeCode>ul</typeCode>
      <value>20 ul</value>
      <comment />
      <isKey>false</isKey>
      <tolerance>Default;Nominal;Document Precision</tolerance>
    </ParamWithValue>
    <ParamWithValue>
      <name>d73</name>
      <typeCode>deg</typeCode>
      <value>360.00 deg</value>
      <comment />
      <isKey>false</isKey>
    </ParamWithValue>
  </parameters>
</ParamWithValueList>